# context (last four words before the marker)	identifiers	mode
null will be worth	35, 36, 44	citep
the results are known	55	citep
a null result credible	54	citep
can test its hypotheses	56	citep
that will be run	54	citep
test of the hypothesis	59	citep
check for floor effects	56	citep
the comparison between them	63	citep
do not establish bias	64	citep
one disclosed every deviation	57	citep
the preregistration for 14%	58	citep
next action from it	2	citep
validity of such simulations	38, 39	citep
from the generative-agent architecture	2	citep
runs no equivalence test	36, 41	citep
result in any case	44	citep
statistics are known for	43	citep
study of a method	49	citep
dependence of language-model evaluation	45, 47	citep
interpret a non-significant result	44	citep
power their conclusions assume	35	citep
evaluation measure and setup	48	citep
measure such operating characteristics	49	citep
sensitive to small cells	43	citep
is a complete-case analysis	50	citep
on required output formats	45, 47	citep
the primary outcome measures	56	citep
the disclosure of deviations	57	citep
in preregistrations are reported	59	citep
whether reviewers check preregistrations	58	citep
experiments with AI agents	37	citep
analysis is standard practice	36, 61	citep
applied to language-model evaluation	28	citep
its bounds are justified	61	citep
an effect is absent	62	citep
range of expected effects	60	citep
two multinomial distributions exist	41	citep
in its own right	29, 42	citep
is an open problem	38, 39	citep
on a different object	27	citep
formatting of the prompt	45	citep
identifiers of listed options	46	citep
with required output formats	47	citep
small expected counts dominate	43	citep
needs, compared with sampling	29	citep
run's estimate (§2.3, and	44	citep
is a documented misuse	44	citep
[44]. Card and colleagues	35	citeyearpar
that Hoenig and Heisey	44	citeyearpar
to the sample size	43	citep
Tian, Xun and Zhu	29	citeyearpar
Jiao, Han and Weissman	42	citeyearpar
Bastian, Dette and Koletzko	41	citeyearpar
evaluation.** Sclar and colleagues	45	citeyearpar
models. Zheng and colleagues	46	citeyearpar
options. Tam and colleagues	47	citeyearpar
and adjacent audits.** Vaccaro	37	citeyearpar
agents. Larooij and Törnberg	38	citeyearpar
and Tomašević and colleagues	39	citeyearpar
does. Park and colleagues	2	citeyearpar
apparatus descends from. Singh	28	citeyearpar
a bound in advance	36	citep
this protocol follows. Otterson	27	citeyearpar
analysis is established practice	36	citep
applied to language-model evaluation	28	citep
a frequentist equivalence test	36	citep
