# context (last four words before the marker)	identifiers	kind	APA citation as citeproc set it
null will be worth	35, 36, 44	parenthetical	(Card et al., 2020; Hoenig & Heisey, 2001; Lakens, 2017)
the results are known	55	parenthetical	(Scheel et al., 2021)
a null result credible	54	parenthetical	(Kiyonaga & Scimeca, 2019)
can test its hypotheses	56	parenthetical	(Center for Open Science, n.d.)
that will be run	54	parenthetical	(Kiyonaga & Scimeca, 2019)
test of the hypothesis	59	parenthetical	(Bakker et al., 2020)
check for floor effects	56	parenthetical	(Center for Open Science, n.d.)
the comparison between them	63	parenthetical	(Zhou & Fishbach, 2016)
do not establish bias	64	parenthetical	(Bell et al., 2013)
one disclosed every deviation	57	parenthetical	(Claesen et al., 2021)
the preregistration for 14%	58	parenthetical	(Syed, 2026)
next action from it	2	parenthetical	(Park et al., 2023)
validity of such simulations	38, 39	parenthetical	(Larooij & Törnberg, 2025; Tomašević et al., 2026)
from the generative-agent architecture	2	parenthetical	(Park et al., 2023)
runs no equivalence test	36, 41	parenthetical	(Bastian et al., 2024; Lakens, 2017)
result in any case	44	parenthetical	(Hoenig & Heisey, 2001)
statistics are known for	43	parenthetical	(Balakrishnan & Wasserman, 2018)
study of a method	49	parenthetical	(Morris et al., 2019)
dependence of language-model evaluation	45, 47	parenthetical	(Sclar et al., 2023; Tam et al., 2024)
interpret a non-significant result	44	parenthetical	(Hoenig & Heisey, 2001)
power their conclusions assume	35	parenthetical	(Card et al., 2020)
evaluation measure and setup	48	parenthetical	(Dror et al., 2018)
measure such operating characteristics	49	parenthetical	(Morris et al., 2019)
sensitive to small cells	43	parenthetical	(Balakrishnan & Wasserman, 2018)
is a complete-case analysis	50	parenthetical	(Little & Rubin, 2019)
on required output formats	45, 47	parenthetical	(Sclar et al., 2023; Tam et al., 2024)
the primary outcome measures	56	parenthetical	(Center for Open Science, n.d.)
the disclosure of deviations	57	parenthetical	(Claesen et al., 2021)
in preregistrations are reported	59	parenthetical	(Bakker et al., 2020)
whether reviewers check preregistrations	58	parenthetical	(Syed, 2026)
experiments with AI agents	37	parenthetical	(Vaccaro, 2026)
analysis is standard practice	36, 61	parenthetical	(Lakens, 2017; Lakens et al., 2018)
applied to language-model evaluation	28	parenthetical	(Singh, 2026)
its bounds are justified	61	parenthetical	(Lakens et al., 2018)
an effect is absent	62	parenthetical	(Harms & Lakens, 2018)
range of expected effects	60	parenthetical	(Lakens, 2022)
two multinomial distributions exist	41	parenthetical	(Bastian et al., 2024)
in its own right	29, 42	parenthetical	(Jiao et al., 2018; Price et al., 2026)
is an open problem	38, 39	parenthetical	(Larooij & Törnberg, 2025; Tomašević et al., 2026)
on a different object	27	parenthetical	(Otterson, 2026)
formatting of the prompt	45	parenthetical	(Sclar et al., 2023)
identifiers of listed options	46	parenthetical	(Zheng et al., 2023)
with required output formats	47	parenthetical	(Tam et al., 2024)
small expected counts dominate	43	parenthetical	(Balakrishnan & Wasserman, 2018)
needs, compared with sampling	29	parenthetical	(Price et al., 2026)
run's estimate (§2.3, and	44	in-parentheses	(§2.3, and Hoenig & Heisey, 2001 on why a power figure cannot interpret a non-significant result)
is a documented misuse	44	parenthetical	(Hoenig & Heisey, 2001)
[44]. Card and colleagues	35	narrative	Card et al. (2020)
that Hoenig and Heisey	44	narrative	Hoenig and Heisey (2001)
to the sample size	43	parenthetical	(Balakrishnan & Wasserman, 2018)
Tian, Xun and Zhu	29	narrative	Price et al. (2026)
Jiao, Han and Weissman	42	narrative	Jiao et al. (2018)
Bastian, Dette and Koletzko	41	narrative	Bastian et al. (2024)
evaluation.** Sclar and colleagues	45	narrative	Sclar et al. (2023)
models. Zheng and colleagues	46	narrative	Zheng et al. (2023)
options. Tam and colleagues	47	narrative	Tam et al. (2024)
and adjacent audits.** Vaccaro	37	narrative	Vaccaro (2026)
agents. Larooij and Törnberg	38	narrative	Larooij and Törnberg (2025)
and Tomašević and colleagues	39	narrative	Tomašević et al. (2026)
does. Park and colleagues	2	narrative	Park et al. (2023)
apparatus descends from. Singh	28	narrative	Singh (2026)
a bound in advance	36	parenthetical	(Lakens, 2017)
this protocol follows. Otterson	27	narrative	Otterson (2026)
analysis is established practice	36	parenthetical	(Lakens, 2017)
applied to language-model evaluation	28	parenthetical	(Singh, 2026)
a frequentist equivalence test	36	parenthetical	(Lakens, 2017)
